﻿[
  {
    "actual_country_name":"भारत",
    "english_country_name":"India",
    "country_flag":"india_flag",
    "telephone_code":"91"
  },
  {
    "actual_country_name":"پاکِستان‬",
    "english_country_name":"Pakistan",
    "country_flag":"gay_flag",
    "telephone_code":"92"
  },
  {
    "actual_country_name":"",
    "english_country_name":"",
    "country_flag":"",
    "telephone_code":""
  },
  {
    "actual_country_name":"",
    "english_country_name":"",
    "country_flag":"",
    "telephone_code":""
  },
]
